ESPERA,rapidez
FUERA,ae
LIMPIEZA,limpi
PERSONAL,atencion client
FUERA,gust minkr v jajaj equisd lol put k leer desput qmlo   p
PERSONAL,personal medic
ESPERA,temp esper exces
PERSONAL,cambi ortodonc
ESPERA,rapidez favor
PROGRAMACIÓN,coordin mejor visit program preoperatori not    llev enferm   dia diferent   prueb diferent parec cost pacient famili q ped   dia permis trabaj cost parking ruin
FUERA,nothing
INSTALACIONES,music relaj
ESPERA,mes eficaci men tiemp esper mas graved moment coronavirus
FUERA,aarcaam
LIMPIEZA,hospital deberi mas limpi    
PERSONAL,k hac mas analisis mied k chic k relacion sexual proteccion repart preserv
COMIDA,pan bocadill salchichon dur perdon falt ancian sent
PERSONAL,clarid organiz
COMIDA,varied menu
COMIDA,introduccion product ecolog tempor
PERSONAL,personal medic
PRECIOS,baj precios  
PERSONAL,serbei orgenci
ESPERA,dar cit mas tiemp si normal teni visit       entrar consult      
FUERA,kon
ESPERA,puntual favor
PERSONAL,facil exped posit person servici
ESPERA,litr esper
INSTALACIONES,esper urgenci entrar sal pod tard quic mas hor encim acompan pie pas lad enferm dec algun sal fuer bien falt medic lentituz colaps sal dar result dec si mied casual pregunt parec animal contestan normal pregunt mied sab pag merec trat pacient todobcom acompan pua cas quiz lobest pas peor atent
FUERA,xbb
FUERA,gg
PRECIOS,baj preci com sobr diner
ESPERA,tiemp atend
PERSONAL,tenid buen atencion
INSTALACIONES,oen traigais flor rocoton
PERSONAL,personal medic
PROGRAMACIÓN,telefon rcepcion
FUERA,ychj
INSTALACIONES,posibil acer extraccion nin sal pediatr separ rest pacient centr salud
LIMPIEZA,limpiez
INSTALACIONES,comod acompan
PERSONAL,favor necesit personal
PERSONAL,ser poquit bastant mas buen
PROGRAMACIÓN,tiemp asign cit lejan
FUERA,ln
FUERA,hor
COMIDA,procur refrigeri reduc zum pepsi agu pastiset magdalen chip tomat ocasion encontr mas confort    
PERSONAL,mas medic enfermer pasill lienz cam
ESPERA,sobretod tiemp esper mas necesari personal medic administrt
COMIDA,com
LIMPIEZA,adadus mes net
ESPERA,tard atend person
ESPERA,tardanz
PERSONAL,medic
FUERA,ki
ESPERA,tiemp visit form part mism tratamient implic diferent especial
INSTALACIONES,climatiz hac freir sal sper falt wc pl prier preoperatori
FUERA,     
ESPERA,timp esper
PERSONAL,vej pacient sup pes sab situacion encontr parec humill ven dec gord do ojo car ver dias facult sab hormnal horribl experient ven tan bonit
PERSONAL,mal mterl carcel alos genral
COMIDA,com glut
PERSONAL,dod medic don trat gent
FUERA,nnpp
ESPERA,mejor esper
COMIDA,pon mas com
ESPERA,tardi bastant tiemp oper levant   ano esper intervencion juanet
INSTALACIONES,temperatur sal esper
ESPERA,tiemp esper trat personal medic eficient famili juli salguer  r
INSTALACIONES,hospital grand
LIMPIEZA,com atender tardi natej bast brut
COMIDA,com q mejor cant menu
ESPERA,urgenci tiemp esper exces  hor
COMIDA,meinuu
ESPERA,tiemp esper
PERSONAL,atencion personaliz
INSTALACIONES,tiemp q tmb pod haf dibuj busc safari mejor ee wifi
FUERA,bkguj
INSTALACIONES,control tabac si bien ciert necesit mayor flesiv tem mied sum enfermed colil parec mas apropi suger zon pod fum graci
FUERA,rukk
FUERA,n
INSTALACIONES,distrbuccion espaci
PROGRAMACIÓN,atencion telefon exterior
PERSONAL,informacion amabil enfermer tiemp esper urgenci
ESPERA,atend
PERSONAL,inform famili durant visit sillon urgenci
PERSONAL,mas may doctor
PERSONAL,trat personal agil apo personal pacient vehicul adem educ humild part portal algun doctor necesari inclu graci
ESPERA,puntual
COMIDA,mes plat menu pens gent com cerd graci
FUERA,pelotud
INSTALACIONES,taborets taburet alto incomod
ESPERA,atend rap pacient esper necesit
INSTALACIONES,fuent agu fresc
PERSONAL,escatim prueb descart lesion patolog mejor atencion medic reduc tiemp esper reult engeneral deberi mejor ir satisfechos n recomend
PERSONAL,actitud amabil
FUERA,hul
FUERA,dnmjqaz npol
INSTALACIONES,activ centr termin obrar air acondicion     mas excursion proces recuper objet
LIMPIEZA,dient siempr limpi gust ariadn
ESPERA,puntual atencion client
ESPERA,tiemp esper
ESPERA,fundamentalmet tiepi esper ir    minut todavi esper
ESPERA,ir mas depris estsr atent pacient q tard qtend
NIÑOS,tel ay cos aburr quer dor explor ladybug
FUERA,bu
PROGRAMACIÓN,cit
LIMPIEZA,enla tercer plant igien buen usar espong bez tir
PROGRAMACIÓN,mejor servici cit
PROGRAMACIÓN,aproxim fech cit
PROGRAMACIÓN,incomprens   hor hospital dia cit program pon sangr hagansel mir favor
PERSONAL,indic paut segu realiz prob
INSTALACIONES,maquin expendedor turn
PROGRAMACIÓN,mes agil prueb visit cuant tem delic urgent llev   mes todav dianostic tratamient angusti enferm famili
LIMPIEZA,olor
COMIDA,com cazuel
PERSONAL,dar medicament nesecit sol ibuprofen parecitamol hac efect
PERSONAL,mal atencion
PERSONAL,pens podri pens exploic
PROGRAMACIÓN,ocasion bastant complic contact telefon vez consegu mejor
INSTALACIONES,dej emferm mied pasill
COMIDA,pod eleg menu diferent do plat si ningun apetec dar altern freir ensaladill embut etceter    
INSTALACIONES,tv gratuit
FUERA,conel
INSTALACIONES,sill cafet sill famili call salud graci servici
INSTALACIONES,ruidos te entera pas pacient lad
LIMPIEZA,limpi
PERSONAL,mas import equip human impos mejor
INSTALACIONES,herman dec quit mant cam pas fri noch t
INSTALACIONES,pon telvision sal esper dibuj anim deport     
ESPERA,tiemp esper
ESPERA,puntual
ESPERA,tiemp esper casi hor
PROGRAMACIÓN,cit mas rap
ESPERA,  hor esper visit ami herviol
FUERA,ggkukggyup
ESPERA,tiemp esper
INSTALACIONES,air acondicion
INSTALACIONES,men retras algui present ala recepcion radi
PRECIOS,preci menu inclu beb
LIMPIEZA,olor restaur
PERSONAL,trabaj mas personal nadi quol val tont
ESPERA,principal tiemp esper vari visit retras hor medi
PERSONAL,profesional
PERSONAL,servici
FUERA,rs
INSTALACIONES,mas tecnolog
ESPERA,consult mas rap
ESPERA,tiemp esper
FUERA, 
FUERA,che bolud
INSTALACIONES,sill vox matador pon do dias eligi
PRECIOS,preci
ESPERA,esper dem bien
PERSONAL,guardi segur tan chul
PERSONAL,urgenci
COMIDA,mas varied glut
FUERA,khgyujgbu
INSTALACIONES,falt intimid exploracion consult exist biomb cortin entrar distint profesional vari moment
INSTALACIONES,ampli espaci
ESPERA,puntual tiemp valios
COMIDA,caramel
LIMPIEZA,limpiez sol sal ban necesari favor graci
PERSONAL,administr mal educ atend contestan whatsapp
COMIDA,agu sab mal quer sabor tutifruti
ESPERA,ser puntual
FUERA,na
INSTALACIONES,asient
PERSONAL,habl castellan pacient habl castellan sucd cuant vez extraccion graci
ESPERA,tiemp esper urgenci
FUERA,padrrs dej compr zum
ESPERA,client esper tan
FUERA,hhjn
ESPERA,tiemp esper asir siet hor
ESPERA,rapidez    
INSTALACIONES,sal esper enferm pequen junt
NIÑOS,jostailu gehiag egote
PERSONAL,mal servici ambul
INSTALACIONES,tinder mes tajul
FUERA,k
INSTALACIONES,mes personal instal grand comarc
NIÑOS,mes sal jug
COMIDA,menu cen
PERSONAL,majlis trat
PERSONAL,pesim atencion administr urolog
ESPERA,puntual
INSTALACIONES,mejor sal esper sal enferm
COMIDA,hel
ESPERA,tiemp esper midic sab urgenci llen
ESPERA,tiemp esper
ESPERA,dar hor mientr medic com    minut esper nadi delant verguenz
FUERA,cuna pesa
ESPERA,agiliz mcon urgenci
PERSONAL,atencion consuktq
PROGRAMACIÓN,horari vision
NIÑOS,wii play sal esper
COMIDA,caraml sol
PERSONAL,deb mejor hor consult ejempl cit once manan atend do tard aproxim valor tiemp pacient medic enfermer siempr mejor hospital bierz camin haci excelent
PERSONAL,personal
ESPERA,esper
INSTALACIONES,pon television sal esper
ESPERA,timp tiemp esper dar result
PERSONAL,informcion mas concret dar algun inform visit
PROGRAMACIÓN,pon mes administr pod registr maquin si lleg tard
COMIDA,varied almorz cen menu plat vegetarian
INSTALACIONES,sal esper
PERSONAL,mes medic pediatr
PRECIOS,preci
PERSONAL,amabil
INSTALACIONES,agrand ten mas sal mas medic esper pon sal esper tel cad sal
PERSONAL,am not satisfi with my delvery dr it ason    sep         pm
INSTALACIONES,abrir parking famili dej espaci priv jef centr
COMIDA,quer churr azuc desayun
PERSONAL,nad pag mejor personal
ESPERA,timp eperr
ESPERA,   minut esper hor llev mes dolor abdominal aun encontr caus lent hac prolv not hac dan
NIÑOS,cos nin
ESPERA,puntual
ESPERA,rapidez atend men habl jueg profesional sal esper enferm
COMIDA,ensal ces demasi sals poll
ESPERA,esper turn resepcion
FUERA,  
PERSONAL,pon mas gent
INSTALACIONES,pon diner tv
PROGRAMACIÓN,horari visit
FUERA,b
LIMPIEZA,mas igien instal sal esper
LIMPIEZA,limpi
FUERA,jtuyhihcyt
PROGRAMACIÓN,cit mal coordin tardi etern sac cit auxili enfermer medic personal trabaj hospital pod ten consult gin decontrol prob mand respet turn
ESPERA,tiemp esper moment atendery prioriz lospacient     olvid pacient
PERSONAL,personal
PERSONAL,personal cad vez men multiplicr
PERSONAL,neces clarid situacion medic actual resolu dud favor
PROGRAMACIÓN,atencion telefnoci
FUERA,hor
PERSONAL,mas inform enfermed mejor
PRECIOS,preci car
ESPERA,puntual
ESPERA,celer
INSTALACIONES,intimid
FUERA,ajajajajajajajajajajajajajajaj
COMIDA,plat vari
FUERA,hor
ESPERA,esper
PERSONAL,acer pruev pacient entend
COMIDA,mes product glut vegan
PERSONAL,personal medic
ESPERA,normal nin   ano      c fiebr mism sal esper mas     hs
PERSONAL,hac pregunt estup com pregunt nin    si enbarac dol pie
PERSONAL,personal enferm demasi bord cer empat educ personal limpiez marran men mal limpiez eh    
FUERA,jk
FUERA,  ano
INSTALACIONES,escond cost lleg
COMIDA,dar bocadill visit
ESPERA,deberi cobr medic gestion tan mal do hor esper ver
ESPERA,entend enferm       ano posibl fractur piern her sangrant pod pas tiemp indefin esper
PERSONAL,personal recepcion
INSTALACIONES,sill
PERSONAL,amabil elbpersonal sanitari
FUERA,lp
PRECIOS,preci
ESPERA,tiemp esper
FUERA,rtyui
PERSONAL,enfermer medic dar ningun tip explic enfermer pinch insulin guant via tapon dar lug merkel infeccion nosocomial       
ESPERA,puntual penos estais trat person vids quehscer retras medi hor falt respet
PRECIOS,preci
PROGRAMACIÓN,cotact telefon inexisent
PRECIOS,preci demasi alto
PERSONAL,agil servici inform recib
ESPERA,tiemp esper estd   hor mas
INSTALACIONES,sill pon pon bas pon bas agu
PERSONAL,ser mas amabl mas rapidosnpor tel fatal      
ESPERA,puntual
LIMPIEZA,limpiez
FUERA,cgh
PERSONAL,pod cobr acced propi historial clinic mied solicit copi prueb realiz
ESPERA,siempr ven estoi medi   hor yben hospital mied mism atend muchisim
INSTALACIONES,asient famili
ESPERA,te pod mor esper
LIMPIEZA,netj
ESPERA,tiemp esper
ESPERA,tard mutch
INSTALACIONES,tabl
PROGRAMACIÓN,atend cit
FUERA,kiljhg
INSTALACIONES,lament muchisim hayani desaparec hermos jardin reemplaz mied bloqu cement dud aport ser quer paz brind hermos jardin          
LIMPIEZA,limpiez van esper gent liebr hor
FUERA,     
FUERA,t    en rgeci
COMIDA,mes dulc
FUERA,mkk
PERSONAL,mejor guaedi jur irespetu haci gent q mand paa q pic poll educ mund q entend
ESPERA,tiemp espe  tiemp esper correg text mezcl tratamient personal
PERSONAL,indic encontr servici
ESPERA,tiemp esper consegu primer visit escessiu cont normal tratamient pod indic
ESPERA,tiemp esper
COMIDA,calid r
PERSONAL,fin dra explic pacient ir acer atend consult    ojal igual
FUERA,u
PERSONAL,mir bien gent
INSTALACIONES,aparc sol jef solidar famili facilit visit usuari
PERSONAL,mayor resolucion problem grav
INSTALACIONES,taborets demasi alto
PRECIOS,precios      
INSTALACIONES,agrand cafet
PROGRAMACIÓN,dar visit tan lejan tiemp mas cort
PERSONAL,personal recepcion consult extern carec empat amabil desagrad
COMIDA,plat fri qued mas
PERSONAL,trat pacient prson enferm ignor
PRECIOS,baj preci
PERSONAL,maner trat bocadill part camarer guant cualqu maner
PERSONAL,guts trat alo pacient
PERSONAL,content trat recib
ESPERA,esper
PROGRAMACIÓN,program siguient visit adecu diun medic
INSTALACIONES,sillon viej
ESPERA,si esper
INSTALACIONES,bien hospital lug compr prens escrib
ESPERA,list esper
FUERA,hool
INSTALACIONES,solicit ayud mejor instal aparat etceter sori tambi exist graci
ESPERA,mol bien espert tiemp
PERSONAL,personal medic
FUERA,adnan
PERSONAL,persolal sanid
INSTALACIONES,inform q lleg cog numer maquin hiu hoj cit lleg sent esper sab
PROGRAMACIÓN,atencion telefon
ESPERA,esper atencion
PERSONAL,mes personal
LIMPIEZA,limpiez lavab
FUERA,pagin
PERSONAL,profesional
PERSONAL,atencion medic
PERSONAL,mes amabil
FUERA,ma
PERSONAL,lidi ros dr miquel encant
ESPERA,puntual
ESPERA,atencion puntual favor
ESPERA,si necesari elmfet ser atend form presencial hac esper gent
ESPERA,agiliz v tiemp esper llev do hor esper vvisit
NIÑOS,ten mas dibuj color
FUERA,hambr
PERSONAL,atend mejor
ESPERA,tiemp esper uci sobrehuman
ESPERA,instal laci tiemp esper urgenci
FUERA,aaaa 
LIMPIEZA,natej    
COMIDA,com
ESPERA,rapidez
PERSONAL,parec chic ubligat miram paz esginc
FUERA,wr
ESPERA,hor esper
LIMPIEZA,suel puerc besit siempr suci
PERSONAL,cambi personal sobretod camarer desagrad facilit famili mied hij
INSTALACIONES,pon wifi
ESPERA,do mes todavi lnform medic vergonz
ESPERA,pu tualid
COMIDA,pizz
NIÑOS,deberiais pon aparat alej nin pues valoracion hiz nin jug carit
PRECIOS,preci
FUERA,esoer larg
ESPERA,tiemp esper consult proxim
INSTALACIONES,comod asient
PERSONAL,dic pacient ir mejor
FUERA,pap chiquill victor manu
PERSONAL,perfecto l dra munoz maravill agrad  
PERSONAL,dar inform fami iars pacient confin enferm entrar urgenci dia   marz ables       ahor dia   marz   h respuest personal medic respons zon urgenci mal comun personal enferm vs medic report dat famili totvun descontrol falt simulacr enfermed infecci respuest demasi lent product
PROGRAMACIÓN,cit           todavi abuel atend
PERSONAL,urgenci
PERSONAL,falt profesional nos respet sufrimiento por favor respet silenci atend pacient merec human voz ruid convers banal mercad reflexion vez
FUERA,re
INSTALACIONES,indic senalizacion hospital laberint
PERSONAL,enfad sup enfad
PERSONAL,traer pediatr
PROGRAMACIÓN,mas prueb
PROGRAMACIÓN,cit proxim
FUERA,metr
PERSONAL,deberi ten cont perfil enferm hor compart habitacion mayor tranquil enferm
LIMPIEZA,limpiez pobr
ESPERA,tiemp decesper unachor larg
PERSONAL,part direccion direct tambi val favor jug salud dem graci
PRECIOS,varied preci
INSTALACIONES,hall consult nin adult
FUERA,resn
LIMPIEZA,limpiez confirm horari pas medic
ESPERA,tardi demasi atend pacient
FUERA,n nn
ESPERA,tiemp esper cort
ESPERA,tenid hor medi esper atend dec k ir nin fiebr angin segu indic personal administr k dec k ven aqu k atenderi ir urgenci residenci demor vari horasv nin    palabr     
PROGRAMACIÓN,deteccion visit codig barr tarjet sanitari
ESPERA,tiemp esper
PERSONAL,atencion
INSTALACIONES,compr microfon mejor escuch mejor
ESPERA,duracion esper urgenci
ESPERA,puntual
PERSONAL,administr telefon tem personal ir intercal convers atencion
COMIDA,com instal instal
PRECIOS,simempr pod mejor person perfect tendri mejor cos
ESPERA,mejor tiemp respuest consult
INSTALACIONES,mes tabl
PERSONAL,aciendodan
PERSONAL,tard mnos atend pacient
COMIDA,q q ten mas sabor pizz
PROGRAMACIÓN,cit
PROGRAMACIÓN,horari
PERSONAL,trat mas bien pacient
INSTALACIONES,sill
ESPERA,tiemp decesper
ESPERA,tiemp esper
INSTALACIONES,mejor zon comun famili cafet
FUERA,atenion
INSTALACIONES,sal habilit apart cafet ven bien graci
PERSONAL,mas amabl
PROGRAMACIÓN,exped cit internet
ESPERA,puntual
COMIDA,cambi bocadill r trde dialisis quer dec mied atard
ESPERA,pacienci
PERSONAL,atencion
FUERA,pagin
ESPERA,temp esper
ESPERA,mied esper verguenz mied dan pacient verguenz hues dar haceis
FUERA,ffff
COMIDA,psar tomat pizz
FUERA,nj
PERSONAL,atencion reepcion orrect posibl mayor amabil
FUERA,litr
PERSONAL,falt mitjans personal excepcional
ESPERA,tard men dar visit
PERSONAL,pedant recepcion
INSTALACIONES,ascensor
PERSONAL,personal
FUERA,rre
PRECIOS, 
PERSONAL,sonris
PERSONAL,gent profesional simpat
FUERA,acer r ty nh
FUERA,i dont know
FUERA,ivfguili
INSTALACIONES,deb ser mayor pq segund rellen
PROGRAMACIÓN,tiemp concert cit mas rap servici urgenci general
ESPERA,puntual
FUERA,kjnujl
FUERA,litr kn
ESPERA,hac prueb hac radiografi dolor cabez mencion esper mas  h    
LIMPIEZA,clinic hac olor dentist
NIÑOS,pon ps 
PRECIOS,mejor siempr depend circunst siempr hor mejor graci
PERSONAL,ser mejor medic
PROGRAMACIÓN,tiemp esper cit especial
FUERA,pichi pichi
PERSONAL,maspersonal
PERSONAL,ser amabl pacient
PERSONAL,personal medic
PERSONAL,gent entrar
PERSONAL,deb eperenci clinic si cre personal sanitari deb mejor traz client person objet detect algui esnla primer vez entend personal acostumbr pacient mas empat graci
LIMPIEZA,podeis limpi mejor ban
FUERA,r
COMIDA,mas varied com
LIMPIEZA,pezun huelen fatal limpiez
PERSONAL,incompetent mej    
INSTALACIONES,llam ped cit quit maquin habl mit vez entend explic pas llam direct personal hospital
ESPERA,tiemp visit tiemp hac prueb
PRECIOS,preci
FUERA,noo
COMIDA,product
PRECIOS,ciudadan espanol pag impuest
PROGRAMACIÓN,tard bastant dar cit especial neumoloji
PERSONAL,mas medic
PROGRAMACIÓN,programacion prueb medic
FUERA,rre
INSTALACIONES,tinder mes tabl
PRECIOS,preci
PERSONAL,mes personal
PROGRAMACIÓN,servici secritari
PRECIOS,podeis mejor muchss cosa sol mas empat enferm acompan veguenz sent ten hospital tan nuev antigu
ESPERA,puntual
FUERA,reszzs
PROGRAMACIÓN,evit visit innecesari metr dar hor ven ped hor
INSTALACIONES,aburr sal podri pon distr aunquese
ESPERA,ser puntual
INSTALACIONES,sal esper
INSTALACIONES,asieent
ESPERA,te mor esper
ESPERA,esprint
ESPERA,list esper
INSTALACIONES,consult    men pon sill person muebl
FUERA,holaa
ESPERA,tempps esper
INSTALACIONES,canbi intalacion
ESPERA,tempsdeesper
LIMPIEZA,do hor limpi portac verguenz
PERSONAL,serrvei
ESPERA,esper
PERSONAL,person dar      manan juli ser cosider desagrad cre ser person trat pacient cuant servici sanitari quer felicit person trat alent deb ser ejempl segu
PERSONAL,vds impresent represent mafi medic imcumplidor jurament hipocrat mund verguenz medicin europe esper peor vds mied part portal vid
ESPERA,rap mellam adelant horari
PERSONAL,calid
PERSONAL,explic
ESPERA,pes program larg esper quit mas hor veint minutoscesper    solicitud hor mied telefon mal internet mejor
COMIDA,com mal
PERSONAL,explic hac mejor  
PERSONAL,trat mas personaliz dar tiemp nocom adenad montaj
LIMPIEZA,ban
INSTALACIONES,regaladm sill rued plis
PROGRAMACIÓN,facilit mascarill pacient traslad acer prueb hospital mism hospital ambul
INSTALACIONES,mas espaci
INSTALACIONES,pon sill comod jent mayor
LIMPIEZA,sal limpi
COMIDA,menu mas vari sol mediod padr nin quenportem tiemp aqu deb cen cad dia bocadill merec cen menu dios mand noch
INSTALACIONES,instal
PROGRAMACIÓN,cit espart
PRECIOS,car ser hospital
ESPERA,tiemp esper ingres intervencion
INSTALACIONES,sal esper
ESPERA,reduc esper
INSTALACIONES,estupend salv instal tecermund
INSTALACIONES,sal esper
PERSONAL,mejor hospital instal personal human graci llevader cuidenl mejor recurs human dispon hospital
INSTALACIONES,pon fuent agu
INSTALACIONES,pon tostador pan glut
ESPERA,tard llam hac mal verguenz
ESPERA,acer esper sal esper
INSTALACIONES,pantall valor mas pequen sant palom bien mas grand  
COMIDA,antigu realiz bocadill calient celiac ahor cuestion planch segu dar servici durant ano dado por favor contemplenl nuev actual bar k capac dar respuest entend hac ahor disen men servici
PROGRAMACIÓN,telefon
FUERA,hab how arar
PERSONAL,atencion personal triaj
PROGRAMACIÓN,esper cit
ESPERA,mejor tiemp esper      minut exager pon       minut aun emos entrdo
INSTALACIONES,pod pon tv sal esper
LIMPIEZA,men limpiez
INSTALACIONES,corient mied avez respir pacient air renov
NIÑOS,sol nin atend llev ocho once noch sol nin cuatr person vergonz
LIMPIEZA,ningun cas sol olor pintur
FUERA,n
ESPERA,tiemp esper   hor
LIMPIEZA,limpiez
PERSONAL,ambul segund volv comunicacion per viril
PRECIOS,preci product deb ser mas baj
PERSONAL,mal servici ambul
ESPERA,men col
PERSONAL,trat human mied partedel medic
PERSONAL,explik
PRECIOS,preci baj hospital hotel
FUERA,si
ESPERA,puntualidaz
PROGRAMACIÓN,men orari caramel recepcion
INSTALACIONES,luz oftalmolog acces estanci prepar tratamient coliri etceter revision graduacion visual optometr   calid estudi morfolog car gaf junt adem adapt entorn consult ruid nervios ayud relajacion pacient famili tension ocul mayor mayor nervi car gaf distint
INSTALACIONES,puert rut cerr bien
LIMPIEZA,limpi
COMIDA,calent com bien graci
PERSONAL,reforz guardi
PROGRAMACIÓN,horari
FUERA,preguntqn demqsi
COMIDA,licor hierb cafet
ESPERA,ser mas puntual cog jent
ESPERA,puntual
INSTALACIONES,bandej mes com dec famili resident recent
ESPERA,esper exager
FUERA,xen gonzalez
PERSONAL,mes personal
PERSONAL,escas numer deprofesional sor teniend cont neces tan especial usuari
ESPERA,medic do hor esper abla mant cic hor volv mas cos
COMIDA,comerci men chuch
FUERA,arantontu
ESPERA,list esper
PROGRAMACIÓN,mas facil dar cit especial men tiemp esper ginecolog comtrol habitual
COMIDA,pon hamburgues pan barr dem genial
NIÑOS,jueg nin wcf
ESPERA,temp
LIMPIEZA,limpiez rop
PERSONAL,financi men precariz personal servici
COMIDA,cre espaci bien falt surt meng
PRECIOS,precios famili pacient ingres
PERSONAL,hac sup trabaj al      ejempl brakets cambi gom mensusl problem ultim pon bien dec quer color pon encim herr demasi cort cambi dent atar metal verd pag
FUERA,liam
FUERA,pagin
LIMPIEZA,chuch deb men dur podri pon guant plastc chuch practic
COMIDA,planch bocadill glut
COMIDA,dar plat alegr mejor anim cuad bajon ambar pobr tarjet
PERSONAL,urgenci
NIÑOS,jueg nin wcf
INSTALACIONES,sill
PERSONAL,sol acer dan peg hac dan dan muc
FUERA,manoli alcaz
ESPERA,reduc list esper ped justif pon peg
LIMPIEZA,espaci limpiez
PROGRAMACIÓN,visit pacient podri cambi horari    
PROGRAMACIÓN,program minim visit respet enferm
COMIDA,zum uva
PERSONAL,cambi personal dentr urgenci chach mientr gent retorc dolor sal esper graci
COMIDA,pan pasttess siq
ESPERA,tiemp
PERSONAL,pesim servici
PERSONAL,mes personal
ESPERA,tiemp
ESPERA,tiemp esper demasi
LIMPIEZA,  mejor ban
NIÑOS,falt papel dibuj
COMIDA,varied
ESPERA,esper client
INSTALACIONES,maquin estrop
PROGRAMACIÓN,hor visit cit
ESPERA,puntual
INSTALACIONES,deb mejor instal
ESPERA,mor puert hosptal
FUERA,                                                                                                                                                                                                                                                                                                                                                                                               valeri
ESPERA,tiemp esper clarid explic medic
PERSONAL,ser mas amabl pacient
ESPERA,puntual
FUERA,  
PERSONAL,human haci enferm personal pas sup trabaj especial enfermeri
PROGRAMACIÓN,horari
ESPERA,tiemp d esper pod ser mas hor medi ser atend pas hor consert dar
FUERA,rosfuwhoftvk
PERSONAL,mes tact human
COMIDA,zum natural col cer cer azuc cafein mas varied menu
COMIDA,hac plat cen noch cad dia bocadill dur llev   mes hopital hij ingres
PERSONAL,actitud
INSTALACIONES,pon mas mes
INSTALACIONES,espaci recurs
PERSONAL,educ pagin educ falt empat enferm famili mied part portal enfermer
FUERA,rob
INSTALACIONES,pod abandon enferm sal esoer durant do hor siend diabet indic ningun tip nadi sab nad pas patat calent
PERSONAL,mejor triaj urgenci
LIMPIEZA,ban
INSTALACIONES,luz mas suav
PROGRAMACIÓN,reduc tiemp esper solicitud cit efect cit
PERSONAL,limpiez recoj mes llen bandej vas suci mal servici client ped caf lech cobr esper funcion servici ir pas client ped esper siv subast volv pregunt pag cav raton dar caf esper solucion problem bien client nivel empres  un salud
PROGRAMACIÓN,program visit moment sal visit program
PERSONAL,ser mas amabl
ESPERA,tiemp esper
FUERA,ijjg
FUERA,eric
PERSONAL,comunic mejor post operatori
FUERA,arlet
ESPERA,tiemp esper rap
FUERA,jihjhui
INSTALACIONES,si catarr ir burg valladol    ano siempr ocurri grav conmig padr termin hospital
PERSONAL,pediatr suficient verguenz
FUERA,uewfuppesv
PROGRAMACIÓN,ir dar cit reumatolog llev   mes descarg cit consult doctor purif  ped solucion
PROGRAMACIÓN,men orari
PROGRAMACIÓN,horari visit
INSTALACIONES,falt minib
COMIDA,varied cen
PERSONAL,acer mejor servici fin seman desastr
INSTALACIONES,medic mas despach
PERSONAL,ser amabl pacient
ESPERA,agil
COMIDA,varied plat
PERSONAL,explic clar pacient profesional medicin
PERSONAL,medic encant
ESPERA,esper
PRECIOS,com cafet caf         relacion calid preci correct
PERSONAL,encarg bord
PERSONAL,leg admision habi nadi durant diez minut
COMIDA,com
ESPERA,rap
PERSONAL,desped personal admision
PERSONAL,cambi persom nocturn paracetamol
PERSONAL,encant servici enfermer
FUERA,as
PROGRAMACIÓN,cit mas rap tardanz dar cit especial reumatolog mas rapidez cit
PERSONAL,mejor explic medic
INSTALACIONES,asieent
PRECIOS,preci menu mas car beb sevici cen
ESPERA,puntual
NIÑOS,pon tel nin mied
ESPERA,acer esper
PERSONAL,ton amabil primero mi padr aqui   latard com beer acer pis informacion
INSTALACIONES,pegatin sol maqunasvk bn
PERSONAL,personal fin seman dias fiest
INSTALACIONES,comod asient
FUERA,re
FUERA,  
PERSONAL,personal
ESPERA,puntual
PERSONAL,servici urgenci
PERSONAL,amabil personql
ESPERA,col larg ay esper
PERSONAL,amabl
COMIDA,dec mejor product fresc frut despues aliment industrial cre adecu
FUERA,exolejd
PERSONAL,atencion sal exper
FUERA,sam
ESPERA,puntual
PERSONAL,falt personal
COMIDA,com
ESPERA,tiemp esper
PERSONAL,atencion personal enferm
ESPERA,tiemp esper consider pacient
PERSONAL,atencion human
LIMPIEZA,limpiez
PROGRAMACIÓN,cos cit trat ser mas profesinal
PERSONAL,cuan fiebr at encontr mol mal productor duct diez guardavngui cas ad dec mulesti ir cabez man hac
PERSONAL,pod ser alarg tiemp dar intervisit
ESPERA,esper urgenci demaci
ESPERA,list esper ano
INSTALACIONES,sill sal esper
FUERA,k
ESPERA,consult exten hall esper ano octalmolog
COMIDA,bocadill
ESPERA,puntual
INSTALACIONES,asient alto mas comod
INSTALACIONES,sill ban pacient horad duch
ESPERA,bien mejor rapidez llev    minut ser atend
ESPERA,esper beb tres hor     
PERSONAL,fatal
PRECIOS,varied product precios
FUERA,dfhj
PERSONAL,atencion client
ESPERA,men tiemp esper ten visit especial
COMIDA,refrigeri pod ser men proces foment habit salud
PROGRAMACIÓN,cad cit deberi ten sup numer
NIÑOS,pon ps  sal jueg
PERSONAL,doctor angel ahenk hoy sustitu medic descans alarg llegang doc diez vari pacient teni cit once medi leg molest llam pacient grit siguient sab quu correspond entrar do cuestion coment pas oscult diciend dej pas dias acud profesional imprim mal part alto presenci enfermer comunic dar senor tratamient triplic sup dosis pq confund pacient desastr
PERSONAL,organizacion mas doctor not personal actual lle cubr demand pacient
ESPERA,hor mas hor tard
PERSONAL,mejor recepcion
ESPERA,hac bien supon tiemp esper depend profesional sin recurs dispon siempr pod mejor adelant
ESPERA,tiemp esper
PROGRAMACIÓN,dar cit
LIMPIEZA,jabon ban grip
PROGRAMACIÓN,fili visit acient opera cancwemam ovar seguimient efrmed
PERSONAL,q enfermer vez mas amabl aunq prisaaa
INSTALACIONES,pon electrodomest
COMIDA,zum natural recien exprim
INSTALACIONES,maquin visit casi siempr servici gust prefer habl person maquin
LIMPIEZA,caer bocadill minis sol graci
ESPERA,tiemp esper intimid
COMIDA,jamon salt alcachof
PROGRAMACIÓN,tardi dar cit
PERSONAL,servici
FUERA,tor mecan
PERSONAL,atencion tabl barr
PERSONAL,habl castellan
PERSONAL,mejor atencion sanid
ESPERA,cit nec mes peronal q atang
PERSONAL,personal
ESPERA,tiemp esper
PERSONAL,buen atencion pacient trat amabl
FUERA,jimen
ESPERA,tiemp esper
LIMPIEZA,limpiez inform pacient
COMIDA,nad bien
INSTALACIONES,asient comod
ESPERA,puntual
ESPERA,esper
ESPERA,puntual
LIMPIEZA,natej
LIMPIEZA,ban
INSTALACIONES,maquin ahi funcion
ESPERA,pacienci
COMIDA,com
FUERA,hambr
PRECIOS,car car car puntual
ESPERA,puntual
NIÑOS,agregam ps  llam misetrlov v
INSTALACIONES,sal reun famili privac intrusion enferm
PERSONAL,aument personal
INSTALACIONES,falt television zon visit nin
PRECIOS,preci
PERSONAL,medic urgenci    favor llev  h con person    ano esper atend verguenz
PROGRAMACIÓN,llam pacient acud consult pod volv crid men do vez mas megafon escuch bien confund sab llam lug volv avisart h llam siguient graci
PRECIOS,preci astronom ten product calid adem astronom buen intorel cobr calent bocat fri incom mas car
NIÑOS,consol psp sal esper
INSTALACIONES,cafet general
COMIDA,zum mirtil
FUERA,bbhbuby
PERSONAL,administr
PERSONAL,personal cre just
ESPERA,puntu   lid
PERSONAL,ser mas cercan haci pacient depend cad
INSTALACIONES,istal
PERSONAL,amabl
PERSONAL,minim buen atencion medic enfermer puert  
FUERA,aain
FUERA,cfeaijbnv
LIMPIEZA,natej comod asient
PERSONAL,cad personal sab acer sup funcion
ESPERA,puntual
PERSONAL,mes info atencion clar usuari
ESPERA,ajust esper
PERSONAL,coordin medic enfermer cad ir sup bol
INSTALACIONES,maquin ticket funcion
COMIDA,menu mas vari sol mediod padr nin quenportem tiemp aqu deb cen cad dia bocadill merec cen menu dios mand noch
FUERA,pop
PROGRAMACIÓN,agrup consult mism dia prueb
PERSONAL,necesit mas personal
PRECIOS,com preci cafet
ESPERA,men tiemp esper oar siguient program pua diabet descompens
PERSONAL,perfect personal atent
COMIDA,agu
PERSONAL,trat
FUERA,qaqaaa
FUERA,mal muert polvo
FUERA,mh
PROGRAMACIÓN,sistem cit eficaz
PROGRAMACIÓN,exajer tiemp esper cit previ puert        graci salud
PERSONAL,error eleg opcion personal amabl
INSTALACIONES,pon parqu
ESPERA,puntual horari cit
ESPERA,list esper
FUERA,oi
INSTALACIONES,pon pantall ver cit
PERSONAL,falt personal
LIMPIEZA,ban
INSTALACIONES,cambi revist
PERSONAL,doctor carm racist
INSTALACIONES,pantall hor
PRECIOS,preci mas barat
INSTALACIONES,sal mejoral sal esper
PERSONAL,nad content profesional institu clinic graci trabaj bien hac
FUERA,litr
INSTALACIONES,mes baj
INSTALACIONES,mejor maquin
PERSONAL,cumplr plaz entreg inform medic respond reclam hac mied escrib
ESPERA,verguenz esper hor veint minutos un verguenz
PERSONAL,trat human soys irrespetu
INSTALACIONES,cambi sal
INSTALACIONES,pon codig wifi sal espers pon papel nin
LIMPIEZA,mejor limpiez distribu espaci intimid
LIMPIEZA,seis ase u nid  b    grif sol do grif funcion limpiez mjor sill cafet  e servici cafet impec
NIÑOS,jug fortnit
INSTALACIONES,espaci sal esper busqued puert
INSTALACIONES,mas espaci
PROGRAMACIÓN,facilit escuch hospital medic empres sup trabajadfor
PERSONAL,cordinacion rapid especial pruev result mal coordin lent
PERSONAL,admiistr mas pendi loqu cen ayer maquillaj quitaniev cotest horari hac secret prevencion canc colon part dec sab mal mal
PERSONAL,man salba vid mas cuntent encontr excel gracl asal clinnic seb ener mil graci
INSTALACIONES,lug sent
PERSONAL,  vez ven chic rubi trat mal
ESPERA,hor             aun llam
INSTALACIONES,puert entrda pod cerr dec coserv temperatur consevivtanc      adem pom pod cerr
INSTALACIONES,tel gratis
COMIDA,cambi bocadill dialisis trde mal
ESPERA,esper cit
PERSONAL,personal administr lent apat
PRECIOS,preci
FUERA,ersmorsars putob
INSTALACIONES,hih lug sent
FUERA,po
ESPERA,rapidez esper
PERSONAL,vigil centr hospitalari
PERSONAL,llamamp hues anbul graci necesit
ESPERA,tiemp esper razon superior    minut
ESPERA,tiemp esper
ESPERA,esper
PERSONAL,amabil auxili
ESPERA,acort tiemp esper box lleg las   manan ir bien atend personal   tard
PERSONAL,personal cad unid apoll chic
PROGRAMACIÓN,cambi gerenci sistem nuev mas medic
COMIDA,cervez
PERSONAL,ten mas trabaj establec
INSTALACIONES,grand  
ESPERA,tiemp
FUERA,suicidi
COMIDA,varied
ESPERA,enferm oblig segur igual medic constant casi servici tiemp esper do hor extrem exces toler
LIMPIEZA,limpi sol
COMIDA,ser rap bocat gratis pitz oka oka
INSTALACIONES,music jueg sal esper
INSTALACIONES,mejor
PRECIOS,preci
PERSONAL,mes personal
ESPERA,puntual
FUERA,n da  k y
FUERA,th
ESPERA,tiemp esper larg
ESPERA,visit espaci ajust maxim hor propon
ESPERA,puntual
PERSONAL,sipat pacient
INSTALACIONES,equip mas modern rx
PROGRAMACIÓN,cit
ESPERA,tiemp esper
FUERA,hk
INSTALACIONES,mas espaci tabl
ESPERA,tiemp esper
ESPERA,tiemp esper
PROGRAMACIÓN,cumplimient horari
PROGRAMACIÓN,hospital buen oer falt pcoc mejor cit
INSTALACIONES,mant pacient
FUERA,hyb
ESPERA,puntual
FUERA,silv
PROGRAMACIÓN,organiz visit muj embaraz necesit ser atend rap agobi rat pasill escuch siren turn orden graci
ESPERA,amasper
PERSONAL,trat direct pacient enfermer medic moment alojart mir mejor compn
FUERA,oujojn lnhompryujl rges
FUERA,mear echar dan
ESPERA,demasi lent desesper
PERSONAL,personal tiemp
INSTALACIONES,ampli sal esper enferm result
ESPERA,hor esper demasi esper
PERSONAL,doctor marion rius dorc atendi amabl profesional excelnt valoraion doctor q aparec
PERSONAL,sanid sori guarr menoscab dec peor espan
PERSONAL,buen atencion
INSTALACIONES,distribu espacciu
COMIDA,varied vegetarian
PRECIOS,preci metr
PERSONAL,escuch dec pacient
PERSONAL,ten medic mas experiment
PROGRAMACIÓN,cit pre
PERSONAL,atencion amabil enfermer
INSTALACIONES,sill acompan incomod rto imagin qued noch
LIMPIEZA,parec deficient limpiez ase
LIMPIEZA,ban
PERSONAL,doctor bord asi pod trat famili sum trabaj habl trat correct
PERSONAL,mas informacion mied paet infot
FUERA,k  hn vn n
ESPERA,puntual mal
FUERA,suck v
FUERA,lunnis leyend
PRECIOS,car
PROGRAMACIÓN,hac recordatori especific corr cotact     telefon comunic menud util graci
PERSONAL,cotamemt
PERSONAL,educ asert pacient human person veterinari mas human
ESPERA,exager esper
ESPERA,tiemp triaj
ESPERA,esper
PERSONAL,sensacion capac medic escuch comprend necesari departament
FUERA,ougxx
ESPERA,tiemp esper vez demasi larg
PERSONAL,mejor equip radiolog q equivoc do vez
ESPERA,podri esper men mied dem perfect
PROGRAMACIÓN,cit mal coordin tardi etern sac cit auxili enfermer medic personal trabaj hospital pod ten consult gin decontrol prob mand respet turn
COMIDA,com nin
FUERA,pn
ESPERA,esper
FUERA,holiiii
LIMPIEZA,repar ban estrop    dia aun ser
PERSONAL,respet idiom castellan si sab catalan
PERSONAL,amabl
PERSONAL,atencion public
LIMPIEZA,limpiez
FUERA,viv caer rmencit
PERSONAL,explic esper
LIMPIEZA,graci limpiez mobiliari
PERSONAL,necesit mas personal habit losnpacit mas ancho celador pod sac ls cam mas personal celsdor
ESPERA,esper larg sent ver excus siempr recort
ESPERA,consult medic cla hor indic
INSTALACIONES,lenceri rop pacient almoh q incomod
ESPERA,tiemp esper
PERSONAL,administracia n
NIÑOS,pon pelicul terror vampir emocion
ESPERA,tardanz ser atent
PERSONAL,calid asistencial
LIMPIEZA,natej
ESPERA,puntual
FUERA,    
FUERA,xen goncal
PROGRAMACIÓN,ten control soci sanit antwi
PERSONAL,doctor carm
PRECIOS,precios
ESPERA,atend
PERSONAL,personal
COMIDA,planch hac bocadill glut calient
PERSONAL,nad personal gran amabil
INSTALACIONES,protocol amabil menud desastr      hac tres ano fui interven amigdal abces      actor segu dar com poll manzan      agradeceri pua llev dia com sol pod deglut bien mism noch diet turmix decis enfermer impos dar comerci mediod sal esper ingres plant pud sent pua llen pas hor piar pasill recib bronc personal sanitari pareci entorpec transit camill sal habi huec sal call hart falt criteri magi      men minut habit aun      enferm infecci ingres plant quirurg despes pas pasill durant dia dec medic pod sal habit merkel contagi plant   men mal tranquil quer present quej verd      vergonz     pas cas grav graci goz buen salud tenid volv aqu     
INSTALACIONES,falt consult
COMIDA,com
ESPERA,tiemp esper
ESPERA,tard
PERSONAL,cambi dermatolog
PERSONAL,mas personal atenciom chic favor
FUERA,hvpm
FUERA,segiui asi
PERSONAL,trat consult
PERSONAL,administr deficient
PERSONAL,coordinacion ey trabaj equip
PROGRAMACIÓN,esper vez cit
PERSONAL,cambi tan frecuent medic departament digestolog llev   diferent
PERSONAL,ser mas competent
ESPERA,deberi hab pediatr atend urgenci tiemp esper beb exager esper muchisim examin medic general final llam pediatr esper   hor sol habi nin lleg si pediatr hubier tard    atencion personal buen
ESPERA,temp sper inform minim esper   hor nadi dec
PERSONAL,secrateri
FUERA,arl
LIMPIEZA,haz limpies
FUERA,red
INSTALACIONES,pod pon piern madr encontr pediatr mied ingres lactant indign sillon compani padr famili lactant
ESPERA,tiemp devesper consultav cnsult
INSTALACIONES,tv gratuit pediatr
FUERA,resj
ESPERA,esper cirujia esper neurolog
FUERA, 
PERSONAL,demasi trabaj personal administr paran graci
PERSONAL,cit
PERSONAL,personal atend
PROGRAMACIÓN,cad ano mamograf
COMIDA,com azuc bocadill graci
FUERA,hfhf
PERSONAL,trat
INSTALACIONES,pon air acondicion sal esper
FUERA,fuent
PRECIOS,baj opoc hues precios
PERSONAL,caos lent serv cobr
ESPERA,tiemp esper verguenz cuasi pie secret etceter
INSTALACIONES,sal esper pediatr nin vez encontr gent nin met alli
COMIDA,hamburgues crud fri centr cambi problem bien sol siguient hamburgues mism problem fri crud centr asi comi
LIMPIEZA,natej
PERSONAL,gust personal medic
NIÑOS,quer juguet
PERSONAL,doctor carm
PERSONAL,dar mejor explic acord nivel comprens pacient
ESPERA,esper
ESPERA,esper hor cinc minut consult
COMIDA,acer cen
PERSONAL,aument numer profesional
INSTALACIONES,sal esper sill fatal espald tem esper hac polv lumb
PERSONAL,evit contest avien cirunst moment urgenci determin pacient hor acud medic guardi quen gust invit march si posibl     evit contest groser mied part portal facult jov graci
ESPERA,tiemp esper
PERSONAL,direccion centro p ir empez ser conocedor realment hac centro v llev conoc hac
INSTALACIONES,sal esper despu triaj observ pequen pacient peg distint patolog
ESPERA,tiemp esper
PERSONAL,trat mravillo personal
FUERA,bye
FUERA,piol
PERSONAL,personal recepcion telefon presencial cre q deb ser amabl educ deb empatiz mes pacient ven pq gust graci
LIMPIEZA,orden limpi
ESPERA,esper
INSTALACIONES,pod exped justif acompan aqui tern ir call corceg
COMIDA,vari
ESPERA,tiemp esper sobretod ven fuer
ESPERA,tiemp esper
PRECIOS,preci
COMIDA,la comidac n
NIÑOS,explic nin nin menor    ano serv nececit adapt
INSTALACIONES,azerl grand
ESPERA,ir lent
FUERA,pagin
PERSONAL,personal
INSTALACIONES,ampli espaci hac sal nin sant juan diez
LIMPIEZA,olor
PERSONAL,mejor sistem crib mejor disposicion personal medic enferm parec insolit mejor trat haci pacient sig auxili camiller opinion dar profesional enferm graci
ESPERA,tiemp cit esper
PERSONAL,disculp cambi personal dar mal trat usuari ver organ competent pod dar buen trat pacient ven acud sup nosocomi mied quej dolenci inspeccion frecuent con profesional ente driv fiscaliz competent
PROGRAMACIÓN,mes facititats via web mail telefon
INSTALACIONES,mejor sal esper tiemp result
FUERA,unax
PERSONAL,doctor carm hac cas enferm extranjer
INSTALACIONES,falt tv zon radioterapi falt tv radioterapi confin pacient
ESPERA,puntuacion entrar
INSTALACIONES,moderniz
FUERA,rs
FUERA,viv
FUERA,migg
COMIDA,hel postr
COMIDA,com celiac
PERSONAL,usar lenguaj medic indic medic
PROGRAMACIÓN,tramitacion expedient error numer vez quevh tenid acud oficin adecu
PROGRAMACIÓN,mejor servici funcion web
FUERA,porfabor din pod mejor
PERSONAL,buen atencion medic as
ESPERA,tiemp esper
FUERA,rvtz   ty npued per
INSTALACIONES,pon pantall ver cit part derech sal ven
ESPERA,tiemp esper
NIÑOS,dej pas nin beb famili
FUERA,lkuy
PERSONAL,coordinacion
PERSONAL,atencion puert cuatr mas pendient convers enfermer dej hij explic hiz pregunt fuer esper pregunt reduc text sab situacion pacient asi
LIMPIEZA,plant ban
PERSONAL,perfect equip profesional trat personaliz siempr gust ven hospital graci   
ESPERA,puntual
PROGRAMACIÓN,facilit cit analit primer hor manan si posibl ocho
COMIDA,arroz
ESPERA,  hor asign medic lov injust
FUERA,nnn
COMIDA,ultim hor compr bocadill tomat sup acid
PROGRAMACIÓN,acort period cit
PERSONAL,person recepcion antipat
PERSONAL,recepcion sab dond cuand entrar
PROGRAMACIÓN,mejor program prueb cit medic
FUERA,a   a al   s naladml l nd mas   s nalhac  nd  losf j s   n lla  s d nc a n s rabajad   sm y r fesionnalles h man shaced sanosc rseunesc  goalanalabandoelmagn fi ope snalques disfrutaenestaresidenciasoy gnac  rom  opadr deis el ll stamuy bienc idadograciasalmararill personalqu ten hues lasuert dedisfrutarlouncuert abraz 
INSTALACIONES,pod mejor comod asient yen varied postr cantid mism
PROGRAMACIÓN,anad mas dat consult carpet pacient onlin sacyl
ESPERA,tiemp esper
PERSONAL,personal mas simpat
ESPERA,tiemp esper
PRECIOS,siempr pod mejor
INSTALACIONES,pon picin
ESPERA,puntual
ESPERA,tiemp
INSTALACIONES,com instal instal
PROGRAMACIÓN,telefon
FUERA,esun begns
PRECIOS,pod mejor
FUERA,cristin il virus
PERSONAL,servici prefesional mejor medic dar mas justif explic cos accion famili
FUERA,siempresepuedemejoralgogrci
PERSONAL,ampli personal
INSTALACIONES,ascensor viej
PROGRAMACIÓN,acces visit asir telefon men esper sal vez cost consegu graci
LIMPIEZA,limpiez
ESPERA,tiemp esper
ESPERA,tiemp esper demasi larg
ESPERA,tiemp esper
FUERA,maincr
PRECIOS,baj preci
PROGRAMACIÓN,recet electron si caduc histori person mayor
PROGRAMACIÓN,contact email posibl cambi cit consej
FUERA,wsziyjofysafrjun
ESPERA,tiemp esper
FUERA,red
PERSONAL,sav cur mes asir famili mal necesari ir hospital
INSTALACIONES,mejor instal
PERSONAL,resident
ESPERA,hoas visit esper retras
FUERA,bb kk
INSTALACIONES,estructur fisic mal
ESPERA,  min esper
PROGRAMACIÓN,fech visit
INSTALACIONES,atend proces pas
ESPERA,tiemp
ESPERA,reduc tiemp esper
INSTALACIONES,mejor instal
PERSONAL,informacion
ESPERA,esper
LIMPIEZA,nateg lavab tard visit
COMIDA,com glut varied calid
FUERA,metr
PRECIOS,suplement mied calient bocadill ridicul
ESPERA,men tiemp esper dem visit dem bien
FUERA,huelin mal
INSTALACIONES,privac pacient
PERSONAL,enfermer  a  b turn noch equipaz graci
COMIDA,mejor com
PERSONAL,medic profecinal empati
ESPERA,respet tiemp demas sol profesional
PERSONAL,cre podi ten servici logopedi
PERSONAL,mejor servici person atess
PERSONAL,busc secretari
PERSONAL,demasi cambi personal car nuev vez joven
FUERA,ghh
ESPERA,esper
PRECIOS,precios comun
PRECIOS,preci
ESPERA,tiemp esper amabil administr pacient deb pernoct mas tiemp
FUERA,x
ESPERA,segu esper
FUERA,er
INSTALACIONES,maquin ticket funcion hac col mostrador personal administr
PROGRAMACIÓN,cit
FUERA,mac bigata
ESPERA,hues cachondeais gent   hor esper ven mach
INSTALACIONES,macin agu aquaserbis
INSTALACIONES,falt cam inadmis q pacient edad avanz sill   hor
ESPERA,puntual
ESPERA,esper
INSTALACIONES,coloc piern comod acompan matern sill incomod ayud
PERSONAL,especial trabaj mied vocacion demand pacient cas ningun diagnostic clro recet unsimpl ibuprofen
PERSONAL,mas atrnt person person eriads enferm favor graci
PERSONAL,atencion
ESPERA,tiemp sal esper
FUERA,x
PRECIOS,mas varied plat guarnicion preci mas asequ menu beb
ESPERA,tiemp esper
ESPERA,puntual sol ser buen tard sol presenci mied comun cit franj horari
PERSONAL,alud mejor bienest chic
PERSONAL,personal medic
ESPERA,pod ir um mas rap
PROGRAMACIÓN,comun interdepartamental
PERSONAL,qe caie empast
PERSONAL,personal medic
COMIDA,com
FUERA,w
ESPERA,mes ajust elmtemps d esper hor citacion
ESPERA,demasi esper mal resoluion diagnostic
INSTALACIONES,informacion sal esper
INSTALACIONES,mejor sanid
PERSONAL,atencion cajer
PERSONAL,personal favor
INSTALACIONES,wc quit junt muj hombr precis gastr urgenci pod esper
PROGRAMACIÓN,menor tiemp cit cit puntual cit
PERSONAL,medic
PRECIOS,puntual demasi car car car
COMIDA,unic mejor cantid com te qued hambr plat secret      ven troz carn pes     grs
PROGRAMACIÓN,venider dar plasm tras exped citavpor internet desgraci web especific deb ten ven grues requer import pod donarcsangr problem gust sab ven deb dej constanci web ellos salud
ESPERA,mied esper
PERSONAL,pacient deb sab detall relativo sup dolenci traduc lenguaj medic
PERSONAL,amabil personal administr person recepcion cre tiemp sper innecesari manten convers personal mientr pacient esper sunturn
ESPERA,llev      h urgenci transport ambul abuel todav sab clar ped atencion llev  h medi esper salit ahor parec hac prueb dec     h apunt ven    tension repet  h pas volv mir vest graved
PERSONAL,manten personal puest cad pic tiemp cambi form sab quit armari
PERSONAL,pon secretari
PRECIOS,preci
PERSONAL,pon c  pon enfermer mas guap
COMIDA,youugurts   
PERSONAL,atencion enfermeri
INSTALACIONES,espaci barr
PERSONAL,favor q fij q hac equivoc
FUERA,pp
FUERA,gust losntren
NIÑOS,si ten dibuj mes
LIMPIEZA,tem limpiez
PROGRAMACIÓN,rapidez cit
PERSONAL,medic
PRECIOS,preci
PERSONAL,servici    fenomenal
NIÑOS,pon mas dibuj
PERSONAL,sevici
ESPERA,rapidez habl
INSTALACIONES,directori hospital metr cost encontr consult
LIMPIEZA,limpiez espaci prepar caf empot cuasi men llarg
ESPERA,puntualidaz
ESPERA,cre rat esper pod mejor
FUERA,wi
ESPERA,tiemp esper
PERSONAL,  simpat
LIMPIEZA,mes period limpiez lavab
ESPERA,puntual fatal
ESPERA,esper urgenci
PERSONAL,mand huev ancion novent ano semiinconscient cuatr hoas sent sill hij companer leg dol ded metais mied detr cinc minut vez volv sup cas
INSTALACIONES,te entera dem oir mundons enter
PERSONAL,abuel    ano tenidonqu ven do vez segu urgenci durant primer visit hac prueb protocolari profundiz volv verl sum medic coment durant primer visit habi hac ningun prob cines concesion dat conces teni volv oorqu ineptitud servici urgenci ahor peor
INSTALACIONES,separ pediatr urgenci
ESPERA,mes atencion men esper
PERSONAL,ignaci romer padr israel enhorabuen profesional suert famili ten personal tan profesional human pod mejor pues apoy cre mas puest trabaj residenci pod ser numer unir acord renov contrat dej escap tan valios personal recib fuert abraz ignaci romer padr israel
FUERA,mas    ano verd   ano
ESPERA,ser mas rap
ESPERA,tiemp esper prolong
ESPERA,pod esper   hor visit medic
ESPERA,men esper
ESPERA,tiemp esper cre si hor establec injust esper  tien hor medi vest gacion
ESPERA,organiz rapidez
FUERA,viv cadiz
NIÑOS,sal jug pequen cro
PERSONAL,sincer agradec dra ainiz ibarzabal mied sup excelent trat durant   ano tratamiento tant profesional personal  much graci jesus panader famili
LIMPIEZA,pon bas ban lab dient
PERSONAL,excelent personal
PERSONAL,cambi personal medicon infermer mied personal cualific
PROGRAMACIÓN,prueb radiolog inform sup deb tiemp adem coordin departament correspondient
FUERA,perfec
PERSONAL,personal
COMIDA,com
PERSONAL,dentist mol amabl
INSTALACIONES,tv ser leid oir
NIÑOS,sal jueg
ESPERA,tres hor espn  h esper conun bbv  h esper veronz
FUERA,hor
COMIDA,com
PERSONAL,impresent dispon expedient medic tras do seman prob medic medici vacacion acept sol demuestr dejadez deontolog neces acud nuev estudi conoc empat pacient enferrm deb respet merec respet    aunqu record facult auxili pag salari sin pacient exist emple
LIMPIEZA,sal cin limpi sol
PERSONAL,mes amabil auxili dentr hospital mentr ingres
INSTALACIONES,ambient kes sal
FUERA,kk
PERSONAL,atenement
ESPERA,atend
FUERA,uurvijsv
PERSONAL,mes atencion part personal
FUERA,bfkq
PRECIOS,preci econom
ESPERA,abrir puert
ESPERA,esper pacient
PERSONAL,ser amabl
ESPERA,tiemp esper
PERSONAL,personal medic anestes psiquiatr reumatolog traumatolog equip trat pacient enfermer mejor instal comod pacient durant tratamient mas privac durant tratamient consult medic escuch habl medico pacient
PERSONAL,trat form dirig respet ten
ESPERA,atencion public llam tres vez acab ven acab colg depues esper    minut
FUERA,arar  c
PERSONAL,content atencion profesional atend
NIÑOS,dar caramel bombon losbnin siempr
FUERA,cg
PROGRAMACIÓN,exped cit onlin
PROGRAMACIÓN,ten hac ana col demanarvl proxim visit
FUERA,nads
PERSONAL,falt personal especial
LIMPIEZA,guert dar medic celador asient sal esper suci
INSTALACIONES,pon piern madr pediatr
PERSONAL,personal sanitari medic eferer
PERSONAL,medic
PERSONAL,enlaterce mejor ausili linpiez enferm lav siempr mism esponj dec usar tirargr graci
INSTALACIONES,sal esper pequen puntual
FUERA,secuel enchuf
COMIDA,hac bocadill calient celiac
PROGRAMACIÓN,mejor sistem visit
ESPERA,esper consult respect hor visit program minut esper
ESPERA,rat esper urgenci pacient tension arterial    maxim hor esper aunqu dec antecedent famili falt personal
PROGRAMACIÓN,cit especial demasi larg       mes reumatolog
PROGRAMACIÓN,cit on lin
LIMPIEZA,ase
ESPERA,establec sal esper codig visit despach    ahor pie pasill mejor opcion
ESPERA,mied esper verguenz
LIMPIEZA,limpiez sal
NIÑOS,jug entreten ingres ads
FUERA,en  ues 
LIMPIEZA,linpiez
PERSONAL,coordinacion cirujan rehahilitacion profesional amabil fisi inmejor
NIÑOS,gust jagu mas jueg
INSTALACIONES,falt papel pasill
FUERA,mal tenu mejor aunqu independent
PERSONAL,mes personal
PERSONAL,amabil enfermer
PERSONAL,urgenci funcion
INSTALACIONES,seillents
COMIDA,bocadill glut calient
PERSONAL,personal
INSTALACIONES,pon air
ESPERA,puntuacion
PERSONAL,dr rodriguez deb ser human sab q pas pacient trat irespetu profesional
ESPERA,tiemp esper consult
ESPERA,tiemp esper
ESPERA,tiemp esper coordin programacion prueb diagnost pacient famili discapacit coment program analit eco mism dia ahorr desplaz mejor atencion telefon ten desplaz hac cambi pon direccion corr electron servici correct devolv mails
PERSONAL,aument numer especial
COMIDA,ten mas varied product alergen grat salud
ESPERA,podriais mejor tiempond esper ok
INSTALACIONES,tabl multiplic
COMIDA,com ser regul sabor grci
FUERA,ser ijad
PROGRAMACIÓN,ateld pacient segun leg
INSTALACIONES,box paraqu lla box pra allq gent pasil
PERSONAL,mes personal
PERSONAL,personal medic
PERSONAL,personal medic
COMIDA,tan mes lug mas cos com granizars ec
PERSONAL,mes personal
PERSONAL,lament gestion servici profesional resp nond car mied sup equip sab pon sup siti gestion ambul efic eficient respons supervisor urgenci
PERSONAL,pareci ven hor caf     ven urgenci aux enfermer    molest simpregunt despu llsver  hor aqu sab
ESPERA,hac esper esls pasiens medic
ESPERA,falt rapidez esper
ESPERA,men tiemp esper interconsult
PERSONAL,servici trat
FUERA,hjguyhlnuk
PERSONAL,explic medic
INSTALACIONES,sill tip
ESPERA,puntual abrir cafet
FUERA,pepp pig
COMIDA,hac bikini mas grand pan bocat mes buen
INSTALACIONES,si sanitari centr elvdr hij luj ven hospital
PRECIOS,preci alto parking
PERSONAL,ten mas empat
FUERA,rkejcixjcidji
ESPERA,tiemp esper
ESPERA,puntual habeis tardat   min deten
INSTALACIONES,entod falt
ESPERA,men esper oper
ESPERA,tiemp esper
PERSONAL,serrvei
PERSONAL,fatal
PRECIOS,demasi car
PERSONAL,ser amabl secret
FUERA,hjj
ESPERA,puntual
COMIDA,com mejor
ESPERA,temp esper
ESPERA,asi bien puntual aiqu mejor
ESPERA,rapidez
INSTALACIONES,music
ESPERA,ttiemp esper quimi dias
ESPERA,tiemp dexesoer pacient sal esper elev informacion ningun tip pod toler
PERSONAL,ver mejor graved mas priorid nin mejor esper
INSTALACIONES,deficient aprovechament instal ein sup cuid mantednimento nespacils mal aprovech si pod usar parking falt permis destin cos
COMIDA,menu television
FUERA,uwu
PROGRAMACIÓN,consegu cit complic tiemp adecu esper injust cuan hac   mes cit deb optimiz maner program horari cad pacient valor person tan client
PERSONAL,alegr telefon
PERSONAL,trat noctun enfermer pacient enfermer noch trat mui mal pacient famili vest tenid dar  noch dorm aqu pacient salud
PERSONAL,personal
PROGRAMACIÓN,retras cit pes ser preferent
PERSONAL,doctor
PROGRAMACIÓN,dar cit tan segu pacient
PERSONAL,personal mitjans
ESPERA,tiemp esper mes
ESPERA,tiemp esper
PERSONAL,personal
NIÑOS,pon mas juguet nin ven graci
COMIDA,pod mejor grann varied plat
FUERA,resj
ESPERA,pon mas pintur ser puntual sac punt
INSTALACIONES,vsit sillon k pon mas mied lomen      
PERSONAL,suel mui amabl
COMIDA,varied product person vari intoler alimentici
FUERA,fcff
FUERA,df
FUERA,xd buenard afa
PERSONAL,medic
NIÑOS,sal play
PRECIOS,preci
PERSONAL,encant doctor
PERSONAL,personal recepcion
NIÑOS,dej entar menor sal ovservacion q qued busqued famili
ESPERA,hor    hor sonl       encqra avis
PERSONAL,mal trat alos usuari
ESPERA,sobretod tiemp esper
PERSONAL,personal
FUERA, nmont ndec
PERSONAL,mes atencion
FUERA,tont
ESPERA,tiemp esper
ESPERA,monton rat esper bocadill lom ques segund termin esper monton rat nad fatal
PROGRAMACIÓN,pras priorid recib cia cit
INSTALACIONES,calefaccion urgenci
LIMPIEZA,limpi bien
FUERA,fom
COMIDA,varied desayun celiac
ESPERA,tiemp esper vez visit inform
FUERA,mejor
INSTALACIONES,bien pod cambi sab comod ten do edifici junt graci srta mari jos
FUERA,angel
PROGRAMACIÓN,facil ped hor justif col
PROGRAMACIÓN,men orari
PERSONAL,nomperdr elsresutats tac
PROGRAMACIÓN,period revision fech recomend medic especial tal mod mism consult marc fech cit proxim
PERSONAL,esplic explic medic pacien tiemp esper tiemp esper ser visit esper  hor explic medic dar pacient cre dar explic pens pacient entend limit dec si bien mal
COMIDA,judi cos
PERSONAL,atencion
INSTALACIONES,mejor instal oncolog medic
FUERA,wer
PRECIOS,hospital mierd
PRECIOS,preci
FUERA,hyny
COMIDA,varied menu
INSTALACIONES,pantall sord
INSTALACIONES,tanius ce mijur sansor
COMIDA,hac dificil si fil delg varied refrigeri algun tip diferent zum palit sal integral hac bien
PROGRAMACIÓN,horari
ESPERA,ajust tiemp esper doctor sol atend pacient consult
ESPERA,puntual
ESPERA,hoy ser rap dia esper sal esper visit
PERSONAL,nunc ven mal
PROGRAMACIÓN,mayor planif hor dar cit mayor numer profesional tenid esper tres hor ser atend consult extern optalmologi
COMIDA,pizz
PROGRAMACIÓN,dieron cit prob realiz
PROGRAMACIÓN,horari sab metr mejor tard
ESPERA,esper atend
ESPERA,rap
ESPERA,tard men
INSTALACIONES,cambi cubr mied mas segur graci
FUERA,ln nnkl kkn nkll k nk kilolitr metr ccm cc v c metr  xcx xcv     cv
COMIDA,mas opcion refrigeri
PERSONAL,ser amabl
LIMPIEZA,limpiez
ESPERA,podeis mejor puntual
INSTALACIONES,parec pequen compar separ ay mism acesibil carr sillit nin problem
PROGRAMACIÓN,comun onlin telefon visit
INSTALACIONES,mejor celador
ESPERA,celer
LIMPIEZA,limpiez ban
ESPERA,mas esper x t atend
INSTALACIONES,espaci
ESPERA,ser atend rapid ser amabl
INSTALACIONES,sill sal esper
ESPERA,visit especial tard
PRECIOS,preci ticket cobr taula graci
FUERA,ruth poz
ESPERA,rapidez reduc list esper
PERSONAL,segund metr habl mal sab funcion culp hab leer lletrr primer ultim experient cambr mayor gaf falt hospital trat irrespetu
INSTALACIONES,lug sent
ESPERA,acer rap cod tard hor
ESPERA,list esper
PERSONAL,igmor loz pacientr
COMIDA,zum
PROGRAMACIÓN,rapidez cit
PERSONAL,medic mas personal
LIMPIEZA,olor
NIÑOS,pon chiquipark
INSTALACIONES,recurs personal material asir mejor instal
ESPERA,rap
ESPERA,tiemp esper gestion pacient
PERSONAL,met gent
ESPERA,men dej esper ala gent
COMIDA,vari
INSTALACIONES,maaquin turn  est estrop
COMIDA,pesc jugosos tod dem correct
PERSONAL,asistent social noeli
ESPERA,tard men coj gent
LIMPIEZA,limpi
ESPERA,list esper determin proced tiemp esper pe acced cosult medic
FUERA,lleg espan
PERSONAL,profesional servici
PERSONAL,tiemp esper
FUERA,nnm metr
PERSONAL,personal
PERSONAL,seri echanun sonris nad hombr mas agrad
PERSONAL,mes empat
NIÑOS,puntuazion jug brawl star
COMIDA,bocadill jamon
ESPERA,minut esper gent necesit ser atend urgent
LIMPIEZA,limpiez
PERSONAL,atencion
PERSONAL,escuch atent pacient
PROGRAMACIÓN,aspect telefon llam ls cit verguenz cog telefon
PROGRAMACIÓN,pon cit
ESPERA,puntual
FUERA,czf cu
ESPERA,rapidez
ESPERA,tiemp esper mas
PERSONAL,personal masific
LIMPIEZA,limpiez
PERSONAL,mes explic
ESPERA,tiemp esper durant dia durant noch bien
FUERA,resn
INSTALACIONES,capac
PERSONAL,casi trat famili depart medic director
INSTALACIONES,localiizacion
COMIDA,com
PERSONAL,mand erron burg ozma graci
NIÑOS,debeis pon videojueg sal
PERSONAL,llam pabl daniel plant psiquiatr mejor mucuch
PERSONAL,eficaz amabl
INSTALACIONES,concret clarid sal design
COMIDA,mngad
ESPERA,aspect pod mejor           q pod ten hor consult   hras mas retras         logic normal ten esper xq cad pacient necesit sup tiempo per   hor cuart barbar
COMIDA,cos plastic sabor mal
PROGRAMACIÓN,sitem nformatics ir confirm siguient cit
ESPERA,tiemp esper diarnot exsact
PERSONAL,urgenci c
PERSONAL,organiz sal mejor personal form cuantit
ESPERA,bocadill calient lent bocat mas   minut
PERSONAL,don ten mas personal
ESPERA,tiemp esper
PERSONAL, r de ris pon medic investig
LIMPIEZA,ban
FUERA,kj cfs k
ESPERA,esper tardi
FUERA,gram
PERSONAL,trat agrad cercan general especial recepcion
PERSONAL,mes personal metgets infermer
COMIDA,com
FUERA,salm
FUERA,     
PERSONAL,desped parell
LIMPIEZA,lavab suci
PRECIOS,mal
ESPERA,list esper
PROGRAMACIÓN,mas facil cambi cit analit diabet deb cit primer hor evit hipoglucemi si habitu desayun primer hor manan bien facil contact servici cambi cit buen pod hac telefon mejor corr clinic muj cit usuari si bien propon cit clinic respond confirm cit nuev graci darm posibil hac sugerent graci
FUERA,esz
COMIDA,algun ensal menu mes plat menu
INSTALACIONES,comod asient calid pan bocadill
PERSONAL,oerfect mied atend anuestr pacient no merec
ESPERA,esper
FUERA,skra
COMIDA,com llen
ESPERA,rapidez gent mor sal esper      x dios profesioal
ESPERA,medic pediatr hac ewper nin pequen com r   hor normalmun cri   ano fiebr mezcl sal virus peor hac apartament graved dej esper nin
INSTALACIONES,alcohol gel desinfect man      
PRECIOS,preci espaci
FUERA,hcxm
PERSONAL,mitjans
ESPERA,cit almpacient hor determin atend pas   hor mas       viv hac    ano      
PERSONAL,mejor resolu problem
ESPERA,atencion tiemp esper
PERSONAL,mes personal medic sanitari
PROGRAMACIÓN,acces rap cit
ESPERA,puntual
INSTALACIONES,cantid cam ayud auxili
PERSONAL,explic mejor ir hac cristian sol dec
PERSONAL,atencion medicin general fatal
ESPERA,hech es er solucion ya
FUERA,your
ESPERA,si pud atend cambi dia visit cre
COMIDA,cambi loar cambi llos bocadill tard dialisis
INSTALACIONES,sal esper
PRECIOS,preci
ESPERA,puntual perontod
FUERA,asortirmr
PERSONAL,control medicacion pacient cas dar medicacin mied horari toc famili acompan
PERSONAL,falt atencion
ESPERA,tiemp deesper
PERSONAL,cit mied tlf ningun enfermer sal atend quer cog
FUERA,ghn metr
INSTALACIONES,espaci pacient construccion nuev instal
FUERA,re
FUERA,llam pep
PERSONAL,mas personal rap atencion
NIÑOS,jueg
COMIDA,mas plat eleg menu
FUERA,deww
INSTALACIONES,renov
ESPERA,ser rap atend
INSTALACIONES,pon wifi
PERSONAL,servici personasl inmejorabk etenion dedic ercan
ESPERA,tiemp esper
COMIDA,mas varied plat menu
PROGRAMACIÓN,telefonc
LIMPIEZA,limpiez
ESPERA,lla sal esper emergent ay esper
FUERA,lore vicent ala fuent
PERSONAL,explic
PERSONAL,pon administr
ESPERA,quit esper atend  
ESPERA,tiemp esper
FUERA,kygluh
PERSONAL,graci atencion prest
COMIDA,cantid com escas  prefereix  antic comedor
FUERA,emas
PROGRAMACIÓN,escogi dia hor ahor envi citacion si cambi cit superdificil contact departament
ESPERA,tem esper
ESPERA,ls educ person tuemp espers levant   hor aun meh visit
ESPERA,tiemp esper insoport
PERSONAL,explic medic hor esper tard medic explic graci
COMIDA,mas varied com
FUERA,suscribet zarg xd  
INSTALACIONES,hac calor sal enferm pediatr pon cortin simil
PROGRAMACIÓN,horari traslad enferm consult
COMIDA,revis pa  gomos demas bien personal atent
PERSONAL,personal medic
PROGRAMACIÓN,cit my largas bu serveci
ESPERA,atend mes rap gent atend pacient encontr mas mal
PERSONAL,mitjans personal
ESPERA,mas rap servici
PERSONAL,trat las person part portal enfermer plant  
PRECIOS,preci
LIMPIEZA,limpiez
PERSONAL,trat exquisit medic crcan
PRECIOS,client pag men
ESPERA,veloc
PROGRAMACIÓN,consult     hor ser atend cit con oftanmologi
FUERA,litr
ESPERA,tiemp esper
PRECIOS,mal
PROGRAMACIÓN,visit neces present histori clinic dni sol nombr
FUERA,gucci i the best shop ever
PROGRAMACIÓN,posibil hac cambi cit corr electron vez trabaj pod cog telefon
PERSONAL,esplicacions
PERSONAL,ten sol otorrin
PERSONAL,mejor servici ambulanciasc almeri
PERSONAL,medic leg tard nadi avis tampoc dar explic
INSTALACIONES,sill sal esper pod ser comod
PERSONAL,medic notingui qye escrib pc pod oer pacient
PERSONAL,qtenci medic
FUERA,com cipot
PERSONAL,urgenci
FUERA,vdbf metr
COMIDA,com apto vegan
INSTALACIONES,mejor instal
ESPERA,pod ser ten person   hor sal esper
ESPERA,esper
FUERA,jikilkih
PERSONAL,enfermer maleduc
ESPERA,esper men
PERSONAL,teneis mejor traer mas gent
PERSONAL,gust pediatr
ESPERA,esparart pertenec
ESPERA,deribaci dermatolac noviembr dar visit abril
PROGRAMACIÓN,programacion
FUERA,dam poll favor
INSTALACIONES,sill esper comod
ESPERA,ir rap
INSTALACIONES,sill box acompan inhuman    hor esper pacient ser trat dar alto
PERSONAL,cambi encarg gaf azul bord
ESPERA,tiemp esper
PERSONAL,medic present hor explic retras retrasd servici
INSTALACIONES,intimid sal observ sill
PERSONAL,mayor frecuenci atencion
FUERA,ebnjz ira
ESPERA,puntual
PERSONAL,sorprend rapidez clarid instalscion
FUERA,polic
FUERA,mmh pohg
PRECIOS,baj preci
PERSONAL,mejor servici perfect
ESPERA,retras
INSTALACIONES,passill tantabgentebsin box pro igual bien
LIMPIEZA,natej
FUERA,temp
COMIDA,ofert calent glut bocadill
ESPERA,puntual
NIÑOS,juguet
PRECIOS,pua cre menu tendri ser mas barat tood tutor enferm entrar caf beb si aqu pod gust si neces tbn ver abus precios bocadill beb graci
COMIDA,menu infantil tim segund menu normal serv freir
ESPERA,tiemp esper icmd inadmis
INSTALACIONES,sill mal parec mentir ten herramient tan import pod si apoy pie
FUERA,foii q
ESPERA,reduc lisr esper tiemp esper consult
ESPERA,medic urgenci normal ven urgenci esper hor hor     mejor diagnost hac mas prueb mas atencion just hac cos bien     cualqu maner pas vez avez volv mas tres vez mism verguenz sori cos sol urgenci
ESPERA,tiemp esper demasi larg cas padr sufr demenci pon neevi
